부산시 주요 집단 사례,,,,
부산-264(동래구),수도권,-,치료중,08/25
부산-263(부산진구),접촉자,-,치료중,08/25
부산-262(부산진구),접촉자,-,치료중,08/25
부산-261(동구),기타,-,치료중,08/25
부산-260(동구),접촉자,-,치료중,08/25
부산-259(부산진구),접촉자,0,치료중,08/24
부산-258(사하구),접촉자,0,치료중,08/24
부산-257(동래구),수도권,0,치료중,08/24
부산-256(부산진구),접촉자,3,치료중,08/23
부산-255(부산진구),접촉자,3,치료중,08/23
부산-254(부산진구),기타,3,치료중,08/23
부산-253(강서구),접촉자,0,치료중,08/22
부산-252(남구),접촉자,5,치료중,08/22
부산-251(동구),접촉자,91,치료중,08/22
영등포-81,-,-,-,
부산-250(금정구),수도권,0,치료중,08/21
부산-249(남구),수도권,0,치료중,08/21
부산-248(부산진구),접촉자,33,치료중,08/20
부산-247(금정구),수도권,0,치료중,08/20
부산-246(남구),수도권,3,치료중,08/20
부산-245(북구),접촉자,0,치료중,08/20
부산-244(연제구),접촉자,0,치료중,08/20
부산-243(연제구),접촉자,0,치료중,08/20
부산-242(부산진구),접촉자,31,치료중,08/20
부산-241(기타),접촉자,0,치료중,08/19
마포구-71,-,-,-,
부산-240(해운대구),수도권,38,치료중,08/19
부산-239(사상구),접촉자,2,치료중,08/19
부산-238(서구),접촉자,11,치료중,08/19
부산-237(부산진구),접촉자,18,치료중,08/19
부산-236(부산진구),접촉자,1,치료중,08/19
부산-235(부산진구),접촉자,56,치료중,08/19
부산-234(부산진구),접촉자,32,치료중,08/19
부산-233(금정구),수도권,7,치료중,08/19
부산-232(연제구),수도권,6,치료중,08/19
부산-231(사상구),접촉자,30,치료중,08/19
부산-230(동래구),접촉자,3,치료중,08/19
부산-229(북구),접촉자,30,치료중,08/19
부산-228(기타),기타,4,치료중,08/19
부산-227(사상구),접촉자,4,치료중,08/18
부산-226(남구),접촉자,0,치료중,08/18
부산-225(사상구),접촉자,2,치료중,08/18
부산-224(부산진구),접촉자,4,치료중,08/18
부산-223(동래구),접촉자,0,치료중,08/18
부산-222(동래구),접촉자,4,치료중,08/18
부산-221(북구),기타,5,치료중,08/18
부산-220(해운대구),접촉자,7,치료중,08/17
부산-219(부산진구),접촉자,30,치료중,08/17
부산-218(기장군),접촉자,0,치료중,08/17
부산-217(기장군),접촉자,0,치료중,08/17
부산-216(사상구),기타,52,치료중,08/17
부산-215(남구),접촉자,12,치료중,08/17
부산-214(사하구),접촉자,0,치료중,08/17
부산-213(연제구),접촉자,8,치료중,08/16
부산-212(사상구),접촉자,3,치료중,08/16
부산-211(부산진구),접촉자,70,치료중,08/16
부산-210(사하구),접촉자,8,치료중,08/16
부산-209(남구),접촉자,16,치료중,08/16
부산-208(사하구),접촉자,22,치료중,08/16
부산-207(해운대구),접촉자,4,치료중,08/16
부산-206(동래구),접촉자,25,치료중,08/16
부산-205(연제구),접촉자,4,치료중,08/15
부산-204(연제구),접촉자,29,치료중,08/15
부산-203(사상구),해외입국,0,치료중,08/15
부산-202(사하구),접촉자,5,치료중,08/15
부산-201(사하구),접촉자,0,치료중,08/15
부산-200(동래구),접촉자,2,치료중,08/15
부산-199(부산진구),기타,15,치료중,08/15
부산-198(연제구),기타,16,치료중,08/14
부산-197(해운대구),접촉자,10,치료중,08/14
부산-196(사하구),접촉자,2,치료중,08/14
부산-195(사상구),기타,19,치료중,08/14
부산-194(사하구),접촉자,84,치료중,08/13
부산-193(사하구),접촉자,21,치료중,08/13
부산-192(북구),기타,2,치료중,08/13
부산-191(해운대구),접촉자,4,치료중,08/13
부산-190(중구),접촉자,4,치료중,08/12
부산-189(사하구),기타,67,치료중,08/12
부산-188(해운대구),접촉자,0,치료중,08/11
부산-187(사하구),접촉자,27,치료중,08/11
부산-186(사하구),접촉자,56,퇴원,08/11
부산-185(사하구),접촉자,8,퇴원,08/11
부산-184(사하구),해외입국,0,치료중,08/11
부산-183(중구),접촉자,2,퇴원,08/10
부산-182(사하구),접촉자,4,치료중,08/10
부산-181(사하구),접촉자,47,퇴원,08/10
부산-180(사하구),접촉자,2,치료중,08/10
부산-179(해운대구),접촉자,3,치료중,08/10
부산-178(기타),접촉자,0,퇴원,08/10
부산-177(기타),접촉자,0,치료중,08/10
부산-176(기타),접촉자,0,퇴원,08/10
부산-175(기타),접촉자,4,치료중,08/10
부산-174(사하구),기타,65,치료중,08/09
부산-173(서구),접촉자,0,퇴원,08/04
부산-172(사하구),접촉자,0,퇴원,08/04
부산-171(서구),접촉자,14,퇴원,08/04
부산-170(동래구),접촉자,49,퇴원,08/03
부산-169(영도구),접촉자,7,퇴원,08/01
부산-168(동래구),해외입국,2,퇴원,07/31
부산-167(영도구),접촉자,1,퇴원,07/27
러시아 선박 관련(7월27일),,,,
부산-166(금정구),해외입국,1,퇴원,07/27
부산-165(서구),접촉자,3,퇴원,07/26
부산-164(사하구),접촉자,4,퇴원,07/25
부산-163(서구),접촉자,22,퇴원,07/24
부산-162(영도구),접촉자,7,퇴원,07/24
부산-161(영도구),접촉자,2,퇴원,07/24
부산-160(해운대구),접촉자,13,퇴원,07/24
부산-159(영도구),접촉자,0,퇴원,07/24
부산-158(서구),접촉자,2,퇴원,07/24
부산-157(사상구),접촉자,216,퇴원,07/23
부산-156(사하구),해외입국,0,퇴원,07/22
부산-155(북구),해외입국,0,퇴원,07/22
선원 확진자 발생 관련,,,,
부산-154(북구),해외입국,0,퇴원,07/17
투발루 국적 어선 확진자 발생 관련,,,,
부산-153(서구),해외입국,0,퇴원,07/05
부산-152 (남구),해외입국,0,퇴원,07/03
부산-151 (동래구),해외입국,0,퇴원,06/29
부산-150 (해운대구),접촉자,21,퇴원,06/28
부산-149(사상구),해외입국,0,퇴원,06/23
부산-148 (기장군),해외입국,0,퇴원,06/23
부산-147 (남구),해외입국,39,퇴원,06/19
부산-146 (해운대구),해외입국,7,퇴원,06/19
부산-145 (강서구),해외입국,3,퇴원,06/15
부산-144 (동래구),기타,69,퇴원,05/29
부산-143 (동래구),해외입국,16,퇴원,05/28
부산-142 (금정구),해외입국,0,퇴원,05/27
부산-141 (북구),접촉자,0,퇴원,05/12
부산-140 (북구),접촉자,3,퇴원,05/12
부산-139 (사하구),접촉자,28,퇴원,05/11
부산-138 (부산진구),접촉자,9,퇴원,05/08
부산-137 (강서구),해외입국,4,퇴원,05/07
부산-136 (기타 - 연제구),해외입국,3,퇴원,05/07
부산-135 (사상구),해외입국,3,퇴원,05/07
부산-134 (수영구),해외입국,1,퇴원,04/25
부산-133 (사상구),해외입국,0,퇴원,04/23
부산-132 (수영구),해외입국,0,퇴원,04/22
부산-131 (북구),접촉자,5,퇴원,04/21
부산-130 (남구),해외입국,2,퇴원,04/21
부산-129 (기타-경남),기타,131,퇴원,04/18
부산-128 (북구),기타,185,퇴원,04/18
부산-127 (동래구),해외입국,3,퇴원,04/15
부산-126 (동래구),해외입국,0,퇴원,04/15
부산-125 (동래구),해외입국,2,퇴원,04/15
부산-124 (남구),해외입국,0,퇴원,04/14
부산-123 (기장군),해외입국,0,퇴원,04/09
부산-122 (해운대구),해외입국,0,퇴원,04/07
부산-121 (해운대구),해외입국,3,퇴원,04/07
부산-120 (동구),해외입국,2,퇴원,04/06
부산-119 (기타),해외입국,21,퇴원,03/31
부산-118 (금정구),해외입국,8,퇴원,03/31
부산-117 (동래구),해외입국,4,퇴원,03/31
부산-116 (부산진구),해외입국,2,퇴원,03/30
부산-115 (남구),해외입국,1,퇴원,03/29
부산-114 (수영구),해외입국,1,퇴원,03/28
부산-113 (기장군),해외입국,1,퇴원,03/28
부산-112 (금정구),해외입국,18,퇴원,03/28
부산-111 (해운대구),해외입국,1,퇴원,03/27
부산-110 (동래구),해외입국,2,퇴원,03/26
부산-109 (동래구),해외입국,3,퇴원,03/25
부산-108 (북구),해외입국,8,퇴원,03/24
부산-107 (사하구),접촉자,0,퇴원,03/22
부산-106 (사하구),접촉자,1,퇴원,03/22
부산-105 (북구),해외입국,6,퇴원,04/27
부산-104 (동래구),해외입국,5,퇴원,03/18
부산-103 (부산진구),해외입국,4,퇴원,03/18
부산-102 (사하구),해외입국,11,퇴원,03/17
부산-101 (부산진구),접촉자,4,퇴원,03/15
부산-100 (부산진구),접촉자,1,퇴원,03/14
부산-99 (부산진구),접촉자,5,퇴원,03/14
부산-98 (부산진구),접촉자,0,퇴원,03/13
부산-97 (부산진구),기타,11,사망,03/13
부산-96 (해운대구),접촉자,6,퇴원,03/13
부산-95 (청도),청도,24,사망,03/13
부산-94 (용인),접촉자,24,퇴원,03/12
부산-93 (대구),접촉자,0,퇴원,03/11
부산-92 (부산진구),접촉자,2,퇴원,03/11
부산-91 (해운대구),해외입국,4,퇴원,03/10
부산-90 (동래구),접촉자,4,퇴원,03/10
부산-89 (동래구),온천교회,0,퇴원,03/07
부산-88 (강서구),대구,14,퇴원,03/06
부산-87 (해운대구),접촉자,5,퇴원,03/06
부산-86 (사상구),기타,15,퇴원,03/06
부산-85 (연제구),접촉자,1,퇴원,03/05
부산-84 (수영구),신천지,5,퇴원,03/04
부산-83 (부산진구),접촉자,3,퇴원,03/03
부산-82 (동래구),접촉자,2,퇴원,03/03
부산-81 (서구),접촉자,1,퇴원,03/03
부산-80 (수영구),온천교회,0,퇴원,03/02
부산-79 (사하구),접촉자,0,퇴원,03/01
부산-78 (서구),대구,13,퇴원,03/01
부산-77 (대구),대구,3,퇴원,03/01
부산-76 (사하구),접촉자,0,퇴원,02/29
부산-75 (부산진구),대구,30,퇴원,02/29
부산-74 (서구),기타,10,퇴원,02/29
부산-73 (해운대구),대구,1,퇴원,02/29
부산-72 (수영구),접촉자,8,퇴원,02/29
부산-71 (부산진구),기타,1,사망,02/28
부산-70 (연제구),접촉자,3,퇴원,02/28
부산-69 (동래구),대구,0,퇴원,02/28
부산-68 (해운대구),온천교회,2,퇴원,02/28
부산-67 (해운대구),접촉자,2,퇴원,02/28
부산-66 (동래구),대구,5,퇴원,02/27
부산-65 (수영구),접촉자,1,퇴원,02/27
부산-64 (동래구),온천교회,3,퇴원,02/27
부산-63 (북구),접촉자,2,퇴원,02/27
부산-62 (동래구),접촉자,3,퇴원,02/27
부산-61 (해운대구),접촉자,10,퇴원,02/27
부산-60 (해운대구),접촉자,2,퇴원,02/26
부산-59 (수영구),대구,71,퇴원,02/26
부산-58 (수영구),접촉자,11,퇴원,02/26
부산-57 (해운대구),온천교회,18,퇴원,02/26
부산-56 (부산진구),접촉자,27,퇴원,02/26
부산-55 (해운대구),온천교회,2,퇴원,02/25
부산-54 (부산진구),접촉자,40,퇴원,02/25
부산-53 (사상구),대구,30,퇴원,02/25
부산-52 (사하구),접촉자,4,퇴원,02/25
부산-51 (연제구),접촉자,0,퇴원,02/25
부산-50 (북구),기타,11,퇴원,02/25
부산-49 (금정구),온천교회,2,퇴원,02/25
부산-48 (동래구),온천교회,1,퇴원,02/25
부산-47 (동래구),기타,10,퇴원,02/25
부산-46 (동래구),접촉자,27,퇴원,02/25
부산-45 (동래구),접촉자,0,퇴원,02/25
부산-44 (동래구),온천교회,0,퇴원,02/24
부산-43 (동래구),접촉자,7,퇴원,02/24
부산-42 (동래구),접촉자,2,퇴원,02/24
부산-41 (동래구),온천교회,3,퇴원,02/24
부산-40 (사하구),접촉자,9,퇴원,02/24
부산-39 (해운대구),접촉자,159,퇴원,02/24
부산-38 (동래구),온천교회,0,퇴원,02/23
부산-37 (금정구),온천교회,19,퇴원,02/23
부산-36 (동래구),온천교회,19,퇴원,02/23
부산-35 (동래구),온천교회,3,퇴원,02/23
부산-34 (동래구),온천교회,25,퇴원,02/23
부산-33 (동래구),온천교회,0,퇴원,02/23
부산-32 (동래구),온천교회,5,퇴원,02/23
부산-31 (동래구),온천교회,3,퇴원,02/23
부산-30 (금정구),온천교회,21,퇴원,02/23
부산-29 (동래구),기타,28,퇴원,02/23
부산-28 (수영구),접촉자,8,퇴원,02/23
부산-27 (수영구),대구,10,퇴원,02/23
부산-26 (금정구),온천교회,7,퇴원,02/23
부산-25 (해운대구),접촉자,9,퇴원,02/23
부산-24 (사히구),신천지,2,퇴원,02/23
부산-23 (강서구),온천교회,1,퇴원,02/23
부산-22 (강서구),온천교회,19,퇴원,02/23
부산-21 (강서구),온천교회,9,퇴원,02/23
부산-20 (서구),접촉자,22,퇴원,02/23
부산-19 (서구),온천교회,16,퇴원,02/23
부산-18 (사하구),대구,37,퇴원,02/23
부산-17 (남구),청도,1,퇴원,02/23
부산-16 (금정구),온천교회,19,퇴원,02/22
부산-15 (동래구),온천교회,32,퇴원,02/22
부산-14 (동래구),온천교회,27,퇴원,02/22
부산-13 (서구),대구,15,퇴원,02/22
부산-12 (남구),신천지,306,퇴원,02/23
부산-11 (북구),온천교회,22,퇴원,02/22
부산-10 (동래구),온천교회,19,퇴원,02/22
부산-9 (동래구),온천교회,8,퇴원,02/22
부산-8 (동래구),온천교회,28,퇴원,02/22
부산-7 (거주지 불명),신천지,484,퇴원,02/22
부산-6 (연제구),접촉자,0,퇴원,02/22
부산-5 (해운대구),접촉자,14,퇴원,02/22
부산-4 (해운대구),신천지,8,퇴원,02/22
부산-3 (해운대구),대구,16,퇴원,02/22
부산-2 (해운대구),접촉자,131,퇴원,02/21
부산-1 (동래구),온천교회,1,114,퇴원,02/21
